length,tempo,timeSinceRelease,releaseMonth,artists,names,popularity
178520,196.0,860,1,Morgan Wallen,Wasted On You,86
239845,92.491,706,6,Peso Pluma,Por las Noches,93
226466,105.02,524,12,Tory Lanez,The Color Violet,89
242965,145.887,622,9,Drake,Knife Talk (with 21 Savage ft. Project Pat),84
216573,126.019,860,1,Morgan Wallen,More Than My Hometown,81
252262,134.093,615,9,Baby Keem,family ties (with Kendrick Lamar),83
167480,177.945,727,5,Jordan Davis,Buy Dirt,82
192956,136.006,804,3,Drake,Wants and Needs (feat. Lil Baby),83
291175,167.937,622,9,Drake,Fair Trade (with Travis Scott),86
163025,131.443,531,12,Nicky Youre,Sunroof,88
202133,69.877,860,1,Morgan Wallen,Sand In My Boots,80
613026,93.023,552,11,Taylor Swift,All Too Well (10 Minute Version) (Taylor's Version) (From The Vault),85
293706,128.01,860,1,Morgan Wallen,Cover Me Up,80
147062,179.626,733,5,Surf Curse,Freaks,86
131500,96.552,643,8,ame,raining for hours,84
210506,203.903,860,1,Morgan Wallen,7 Summers,79
220433,140.061,608,9,Taylor Swift,Wildest Dreams (Taylor's Version),85
178146,166.928,727,5,Olivia Rodrigo,good 4 u,86
165925,81.039,706,6,Polo G,RAPSTAR,82
185280,110.074,860,1,Morgan Wallen,This Bar,78
218801,140.021,734,5,J. Cole,m y . l i f e (with 21 Savage & Morray),80
98544,125.605,580,10,PinkPantheress,Pain,82
123986,80.511,715,6,Sleepy Hallow,2055,82
160052,138.016,615,9,Yeat,Monëy so big,81
298899,81.055,657,7,Billie Eilish,Happier Than Ever,87
207853,141.02,566,10,Ed Sheeran,Shivers,88
229226,100.607,727,5,Olivia Rodrigo,traitor,87
221520,84.08,587,10,Cody Johnson,Human,77
153190,153.96,790,3,Justin Bieber,Ghost,88
232093,86.041,608,9,Jelly Roll,Son Of A Sinner,77
215506,180.917,727,5,Olivia Rodrigo,deja vu,86
231124,130.033,769,4,Taylor Swift,You Belong With Me (Taylor’s Version),84
142839,175.014,539,11,INTERWORLD,METAMORPHOSIS,89
172626,107.998,692,6,Doja Cat,Woman,87
152666,172.929,727,5,Olivia Rodrigo,favorite crime,85
588139,140.223,692,6,"Tyler, The Creator",SWEET / I THOUGHT YOU WANTED TO DANCE (feat. Brent Faiyaz & Fana Hues),80
180379,157.905,720,5,Cochise,Tell Em,81
156040,94.03,615,9,Baby Keem,16,79
236524,150.062,748,4,DJ Khaled,EVERY CHANCE I GET (feat. Lil Baby & Lil Durk),78
235766,119.082,825,2,Taylor Swift,Love Story (Taylor’s Version),82
195120,159.488,532,12,The Rare Occasions,Notion,82
243136,161.032,769,4,Taylor Swift,The Way I Loved You (Taylor’s Version),84
242013,143.875,727,5,Olivia Rodrigo,drivers license,86
241591,100.118,769,4,Taylor Swift,Fearless (Taylor’s Version),80
177720,101.358,624,9,Stephen Sanchez,Until I Found You,86
224213,160.087,587,10,Cody Johnson,'Til You Can't,76
141805,169.928,678,7,The Kid LAROI,STAY (with Justin Bieber),87
121572,142.347,692,6,"Tyler, The Creator",WUSYANAME (feat. Youngboy Never Broke Again & Ty Dolla $ign),78
230746,126.011,566,10,Ed Sheeran,Bad Habits,87
210560,130.041,692,6,Doja Cat,Need to Know,82
154983,119.976,727,5,Marshmello,Leave Before You Love Me (with Jonas Brothers),85
186173,128.986,692,6,Doja Cat,You Right,83
180742,115.962,783,3,AJR,World's Smallest Violin,73
174253,124.097,692,6,Doja Cat,Ain't Shit,80
208666,110.97,692,6,Doja Cat,Kiss Me More (feat. SZA),82
173160,163.929,727,5,Olivia Rodrigo,"jealousy, jealousy",83
160656,110.054,601,9,NEIKED,Better Days (NEIKED x Mae Muller x Polo G),79
205458,104.949,776,4,Lil Tjay,Calling My Phone,81
133762,119.614,622,9,Drake,Yebba’s Heartbreak,80
206710,179.951,713,6,Bad Bunny,Yonaguni,85
123870,77.444,629,8,Lil Tecca,LOT OF ME,77
245026,137.915,861,1,Taylor Swift,right where you left me - bonus track,79
257604,136.008,622,9,Drake,Way 2 Sexy (with Future & Young Thug),78
186017,141.961,707,6,Yeat,Sorry Bout That,78
141805,169.928,660,7,The Kid LAROI,STAY (with Justin Bieber),86
214148,159.892,636,8,Ivan Cornejo,Está Dañada,77
161773,136.967,860,1,Morgan Wallen,Somebody’s Problem,74
120428,131.883,566,10,Kxllswxtch,WASTE,82
242096,148.088,553,11,Bruno Mars,Leave The Door Open,83
252069,134.14,629,8,Baby Keem,family ties (with Kendrick Lamar),78
171880,105.007,608,9,Scotty McCreery,It Matters To Her,74
138293,91.942,692,6,Doja Cat,Get Into It (Yuh),80
218210,88.967,734,5,J. Cole,p r i d e . i s . t h e . d e v i l (with Lil Baby),77
202735,116.032,643,8,Elton John,Cold Heart - PNAU Remix,86
170858,139.917,783,3,AJR,Bang!,73
191823,146.995,667,7,Cafuné,Tek It,78
175933,168.924,727,5,Olivia Rodrigo,happier,85
194423,128.881,526,12,Mareux,The Perfect Girl,82
287120,130.001,693,6,Farruko,Pepas,84
200547,72.993,565,10,Kodak Black,Super Gremlin,75
235766,119.054,769,4,Taylor Swift,Love Story (Taylor’s Version),80
146000,81.756,632,8,Nature Of Sweden,Slumber Rain,77
190680,88.003,860,1,Morgan Wallen,865,74
143901,87.981,608,9,Lil Nas X,THATS WHAT I WANT,84
336511,86.743,622,9,Drake,Champagne Poetry,78
113600,147.061,559,11,Kay Flock,PSA,77
140983,101.611,503,12,Fuerza Regida,Me Acostumbre A Lo Bueno,79
203373,139.931,818,2,Lainey Wilson,Things A Man Oughta Know,74
219760,154.008,552,11,Taylor Swift,I Knew You Were Trouble (Taylor's Version),79
216120,205.863,545,11,Carolina Gaitán - La Gaita,We Don't Talk About Bruno,77
223992,169.781,510,12,Yng Lvcas,La Bebe,87
140533,91.007,783,3,24kGoldn,Mood (feat. iann dior),83
143746,123.999,727,5,Olivia Rodrigo,brutal,79
232048,120.031,776,4,Lil Tjay,Run It Up (feat. Offset & Moneybagg Yo),79
221979,86.975,622,9,Drake,Girls Want Girls (with Lil Baby),78
231497,133.876,559,11,Summer Walker,No Love (with SZA),78
193146,172.014,552,11,Taylor Swift,We Are Never Ever Getting Back Together (Taylor's Version),80
198081,90.03,790,3,Justin Bieber,Peaches (feat. Daniel Caesar & Giveon),84
157779,139.902,615,9,Yeat,Gët Busy,76
227395,99.048,706,6,Maroon 5,Beautiful Mistakes (feat. Megan Thee Stallion),81
228144,87.977,734,5,Chayce Beckham,23,76
147893,119.017,860,1,Morgan Wallen,Dangerous,73
212000,149.995,664,7,Lil Nas X,INDUSTRY BABY (feat. Jack Harlow),83
153312,133.417,629,8,Eyedress,Something About You,79
185600,74.967,517,12,Lil Durk,Broadway Girls (feat. Morgan Wallen),73
175935,94.971,790,3,Peso Pluma,La Melena,79
207301,169.888,590,10,Tainy,Lo Siento BB:/ (with Bad Bunny & Julieta Venegas),83
184000,74.69,727,5,Russ,3:15 (Breathe),80
252021,159.933,783,3,Rod Wave,Street Runner,74
230960,103.984,552,11,Taylor Swift,22 (Taylor's Version),77
163854,140.069,554,11,OneRepublic,Sunshine,82
270670,130.027,615,9,Baby Keem,trademark usa,74
144349,118.0,776,4,Lil Tjay,Headshot (feat. Polo G & Fivio Foreign),76
191226,137.854,608,9,Carly Pearce,What He Didn't Do,73
224694,141.981,581,10,Adele,Easy On Me,84
191013,118.091,755,4,The Weeknd,Save Your Tears (with Ariana Grande) (Remix),83
223093,125.047,552,11,Taylor Swift,Red (Taylor's Version),79
197442,82.03,553,11,Bruno Mars,Smokin Out The Window,78
156746,115.058,860,1,Morgan Wallen,Warning,73
285106,149.654,552,11,Taylor Swift,I Bet You Think About Me (feat. Chris Stapleton) (Taylor’s Version) (From The Vault),76
218447,106.196,748,4,Joyner Lucas,Ramen & OJ,76
151444,161.74,659,7,Billie Eilish,Happier Than Ever - Edit,81
224694,141.981,545,11,Adele,Easy On Me,84
155737,147.978,590,10,YoungBoy Never Broke Again,Nevada,73
214626,122.004,692,6,Eslabon Armado,Regresa Mami,75
202226,180.088,545,11,Jessica Darrow,Surface Pressure,75
208866,110.968,769,4,Doja Cat,Kiss Me More (feat. SZA),80
132346,96.181,723,5,DVRST,Close Eyes,83
168601,121.932,643,8,GAYLE,abcdefu,84
155125,98.721,692,6,Eslabon Armado,Cuando Tú Me Miras,75
65045,78.089,783,3,YBN Nahmir,Opp Stoppa,73
108373,157.109,580,10,PinkPantheress,I Must Apologise,75
173381,77.011,567,10,Imagine Dragons,Enemy (with JID) - from the series Arcane League of Legends,83
96133,171.788,580,10,PinkPantheress,Break It Off - Bonus,76
258812,101.96,552,11,Taylor Swift,Nothing New (feat. Phoebe Bridgers) (Taylor’s Version) (From The Vault),76
245625,119.991,811,2,Elle King,Drunk (And I Don't Wanna Go Home),73
224996,90.02,524,12,Rauw Alejandro,Desesperados,83
143480,149.012,559,11,Key Glock,Ambition For Cash,77
236883,77.006,635,8,Trippie Redd,Miss The Rage (feat. Playboi Carti),76
156367,100.458,727,5,42 Dugg,4 Da Gang (with Roddy Ricch),72
225533,160.333,531,12,Nardo Wick,Me or Sum (feat. Future & Lil Baby),72
148197,120.966,657,7,Lost Frequencies,Where Are You Now,87
164818,117.953,560,11,Tiësto,The Motto,84
136899,136.994,755,4,Moneybagg Yo,Time Today,72
269727,169.994,603,9,Baby Keem,lost souls (with Brent Faiyaz),75
181433,91.436,790,3,Peso Pluma,Lo Que Me Das,77
148421,65.988,734,5,J. Cole,a m a r i,75
178153,129.895,804,3,Drake,What’s Next,74
202735,116.032,573,10,Elton John,Cold Heart - PNAU Remix,72
168227,140.026,615,9,LISA,MONEY,81
173640,82.488,728,5,Tai Verdes,AOK,76
155742,148.153,615,9,Yeat,Turban,74
161384,93.005,660,7,The Kid LAROI,WITHOUT YOU,79
204763,110.02,609,9,Amaarae,SAD GIRLZ LUV MONEY Remix (feat. Kali Uchis and Moliy),79
163586,168.884,727,5,Olivia Rodrigo,"1 step forward, 3 steps back",78
237022,147.854,769,4,Taylor Swift,If This Was A Movie (Taylor’s Version),77
157906,163.957,657,7,Parmalee,Take My Name,72
230125,175.896,653,8,Aventura,Volví,81
214405,128.153,503,12,ERNEST,Flower Shops (feat. Morgan Wallen),72
308755,130.019,622,9,Drake,TSU,74
66803,144.118,711,6,Luci4,Dead n Gone,74
110602,75.944,615,9,Yeat,Dëserve it,74
208208,134.019,685,7,Chase Matthew,County Line,71
163156,143.904,699,6,Atlus,You're a Fucking Bitch Hope You Know That Shit,72
137704,178.781,608,9,Lil Nas X,MONTERO (Call Me By Your Name),82
226652,118.029,627,8,Kanye West,Praise God,77
189050,75.576,643,8,Grupo Firme,Ya Supérame (En Vivo),78
212030,184.075,552,11,Jason Aldean,If I Didn't Love You,72
204346,83.737,622,9,Drake,No Friends In The Industry,74
277591,135.942,769,4,Taylor Swift,Mr. Perfectly Fine (Taylor’s Version) (From The Vault),76
184489,146.933,832,2,Pooh Shiesty,Back in Blood (feat. Lil Durk),72
146844,157.026,804,3,Only The Family,Hellcats & Trackhawks,71
234761,72.38,657,7,Billie Eilish,Halley's Comet,78
178131,174.073,643,8,$uicideboy$,Ugliest,72
202826,88.485,727,5,Olivia Rodrigo,enough for you,77
212352,150.087,608,9,Lil Nas X,INDUSTRY BABY (feat. Jack Harlow),80
164571,139.922,527,12,Hotel Ugly,Stevie Doesn't Wonder,74
173182,106.017,601,9,Latto,Big Energy,74
193506,97.014,559,11,Post Malone,One Right Now (with The Weeknd),79
160078,84.448,783,3,Rod Wave,Tombstone,71
111483,77.487,580,10,SleazyWorld Go,Sleazy Flow,71
173346,132.507,790,3,Måneskin,I WANNA BE YOUR SLAVE,84
156091,162.351,627,8,Kanye West,Moon,75
67638,114.21,678,7,PinkPantheress,Attracted to You,74
184213,129.915,678,7,Post Malone,Motley Crew,77
136572,113.886,615,9,Baby Keem,vent,73
149461,167.077,526,12,SXMPRA,COWBELL WARRIOR!,79
225148,88.098,545,11,Adele,Oh My God,81
181688,73.779,660,7,The Kid LAROI,GO (feat. Juice WRLD),73
214893,140.017,790,3,Jhené Aiko,stranger,71
279573,75.591,531,12,Nardo Wick,"Who Want Smoke?? (feat. G Herbo, Lil Durk & 21 Savage)",72
156894,81.486,748,4,NLE Choppa,Final Warning,72
236883,77.005,741,5,Trippie Redd,Miss The Rage (feat. Playboi Carti),75
176253,106.347,692,6,Eslabon Armado,Una Peda,74
200280,121.009,552,11,Taylor Swift,The Very First Night (Taylor's Version) (From The Vault),75
151966,88.894,524,12,Tory Lanez,Lavender Sunflower,76
177386,129.966,685,7,Lil Peep,your favorite dress,75
112546,139.949,699,6,DaBaby,Ball If I Want To,73
257213,141.391,545,11,Stephanie Beatriz,The Family Madrigal,73
103240,174.111,673,7,Ryan Mack,Overwhelmed (Ryan Mack Remix),77
96000,100.095,622,9,CORPSE,HOT DEMON B!TCHES NEAR U ! ! !,73
123506,139.787,707,6,Yeat,Off Tha Lot,73
215693,125.987,762,4,Young Stoner Life,Solid (feat. Drake),73
329160,185.972,552,11,Taylor Swift,All Too Well (Taylor's Version),76
130200,140.221,651,8,Yeat,Mad bout that,72
113429,132.063,566,10,Megan Thee Stallion,Megan's Piano,71
174680,146.028,658,7,Dierks Bentley,Beers On Me,70
211420,100.626,832,2,The Weeknd,Pray For Me,81
174000,106.703,531,12,SZA,I Hate U,74
194666,139.931,818,2,Lainey Wilson,Dirty Looks,70
179720,98.004,616,9,Sam Hunt,23,70
277591,135.937,771,4,Taylor Swift,Mr. Perfectly Fine (Taylor’s Version) (From The Vault),76
179426,119.974,545,11,Diane Guerrero,What Else Can I Do?,73
175026,98.997,755,4,Eric Church,Hell Of A View,70
274293,130.08,573,10,Lana Del Rey,Dealer,75
234333,154.78,839,1,Morgan Wallen,Bandaid On A Bullet Hole,70
217426,123.932,671,7,John Mayer,New Light,77
132780,149.996,862,1,Masked Wolf,Astronaut In The Ocean,78
225960,115.915,552,11,Taylor Swift,Message In A Bottle (Taylor's Version) (From The Vault),74
186293,148.108,860,1,Morgan Wallen,Still Goin Down,70
219250,138.024,529,12,The Frequency Shifters,Brown Noise for the Sleep Deprived,73
135417,78.061,783,3,YBN Nahmir,Opp Stoppa (feat. 21 Savage),71
140858,149.996,727,5,$uicideboy$,Avalon,71
151415,145.911,828,2,Rebzyyx,all I want is you,76
239668,144.751,552,11,Taylor Swift,Safe & Sound (feat. Joy Williams and John Paul White) (Taylor’s Version),75
106000,120.034,531,12,Polo G,Bad Man (Smooth Criminal),72
173286,104.958,615,9,grentperez,Cherry Wine,74
167626,149.046,531,12,Nardo Wick,Wicked Freestyle,70
214720,138.084,629,8,Niko Moon,GOOD TIME,70
199604,127.949,728,5,Rauw Alejandro,Todo De Ti,81
196730,110.023,657,7,Billie Eilish,Billie Bossa Nova,78
205721,77.837,622,9,Drake,Pipe Down,72
133565,115.005,629,8,Kordhell,Live Another Day,81
228949,195.054,657,7,Peso Pluma,Todo Es Playa,75
245306,131.944,657,7,Parker McCollum,Pretty Heart,69
201016,119.819,741,5,Ashe,Moral of the Story,78
91923,188.37,715,6,Sleepy Hallow,Basketball Dreams (Intro),73
270887,133.85,762,4,Greta Van Fleet,Light My Love,72
159714,104.899,706,6,Black Gryph0n,Insane,75
225328,128.03,769,4,Taylor Swift,Forever & Always (Taylor’s Version),74
231386,110.028,697,6,Maroon 5,Payphone,70
144860,92.057,660,7,The Kid LAROI,"F*CK YOU, GOODBYE (feat. Machine Gun Kelly)",74
148793,142.043,615,9,Yeat,U could tëll,71
181714,139.988,853,1,DaBaby,Masterpiece,71
194270,143.972,834,2,Bailey Zimmerman,Never Comin' Home,70
196864,107.635,552,11,Grupo Los de la O,Fuga Pa Cali 2,79
269066,76.748,643,8,Laufey,Let You Break My Heart Again,76
178404,105.012,853,1,Ashnikko,Slumber Party (feat. Princess Nokia),76
197333,106.891,755,4,Gera MX,Botella Tras Botella,80
137299,76.991,615,9,Yeat,Swërved It,73
124513,143.839,559,11,Kay Flock,Is Ya Ready,72
155883,94.018,861,1,Saweetie,Best Friend (feat. Doja Cat),74
183594,114.196,552,11,Edgardo Nuñez,El Ruddy,75
153337,113.326,678,7,Kane Brown,Memory,71
162802,124.917,853,1,Travis Scott,Goosebumps - Remix,81
102860,126.027,573,10,Matt Sassari,Give It To Me - Full Vocal Mix,85
171333,174.079,748,4,Thomas Rhett,What’s Your Country Song,70
279853,75.575,587,10,Nardo Wick,"Who Want Smoke?? (feat. G Herbo, Lil Durk & 21 Savage)",70
245426,79.918,552,11,Taylor Swift,Everything Has Changed (feat. Ed Sheeran) (Taylor’s Version),75
243264,137.048,552,11,Taylor Swift,Eyes Open (Taylor's Version),74
175124,140.277,720,5,Los Del Limit,Amor Fugaz,74
144535,161.104,553,11,siouxxie sixxsta,masquerade,74
165066,129.011,580,10,Young Thug,Bubbly (with Drake & Travis Scott),72
126521,142.592,660,7,The Kid LAROI,SO DONE,74
210373,142.031,860,1,Morgan Wallen,Me On Whiskey,69
155292,173.456,692,6,"Tyler, The Creator",HOT WIND BLOWS (feat. Lil Wayne),71
157355,81.535,853,1,Juice WRLD,Bad Boy (with Young Thug),71
243187,80.009,627,8,Kanye West,Hurricane,74
169613,111.001,860,1,Morgan Wallen,Heartless - Wallen Album Mix,69
219760,154.008,552,11,Taylor Swift,I Knew You Were Trouble (Taylor's Version),75
126586,105.989,581,10,Mike Sherm,Baby,68
149360,143.968,685,7,Lil Peep,witchblades,74
139311,130.987,707,6,Yeat,Money Twërk,71
145634,166.061,552,11,EKKSTACY,i walk this earth all by myself,75
281100,99.723,811,2,Alta Elegancia,Amor,74
127807,116.161,797,3,Giveon,All To Me,73
247714,77.497,635,8,Trippie Redd,Rich MF (feat. Polo G & Lil Durk),70
84138,117.052,666,7,KSLV Noh,Disaster,78
193880,90.048,657,7,Parmalee,Just the Way,70
170232,129.957,702,6,DDG,Moonwalking in Calabasas (feat. Blueface) - Remix,73
234515,185.262,769,4,Taylor Swift,White Horse (Taylor’s Version),73
146523,121.876,853,1,Ashnikko,Daisy,73
196706,150.058,860,1,Morgan Wallen,Only Thing That’s Gone (feat. Chris Stapleton),69
228922,111.008,671,7,Clairo,Amoeba,72
193260,132.889,752,4,ENHYPEN,Drunk-Dazed,78
156266,179.99,832,2,Calibre 50,A La Antigüita,79
189408,133.309,818,2,Marca MP,Ya Acabo,76
224920,137.956,860,1,Morgan Wallen,Silverado For Sale,68
193733,174.185,580,10,Benson Boone,GHOST TOWN,78
156944,166.0,833,2,Cardi B,Up,73
193993,134.985,524,12,Tory Lanez,Lady Of Namek,73
209883,98.026,617,9,Rvssian,Nostálgico,79
176208,115.147,637,8,Tito Torbellino Jr,El Vago De Los Nike,75
226220,86.782,664,7,Yung Bleu,You're Mines Still (feat. Drake),72
156944,166.0,832,2,Cardi B,Up,73
244000,171.319,861,1,Taylor Swift,champagne problems,73
130774,120.04,680,7,BigXthaPlug,Big Stepper,68
299970,127.049,706,6,Pi’erre Bourne,Drunk And Nasty (feat. Sharc),72
89616,85.924,755,4,Moneybagg Yo,Love It Here,70
169565,91.948,643,8,$uicideboy$,5 Grand at 8 to 1,69
206108,140.015,783,3,AJR,Way Less Sad,67
140858,149.992,643,8,$uicideboy$,Avalon,69
339249,137.728,627,8,Kanye West,Off The Grid,73
181106,175.93,604,9,KAROL G,SEJODIOTO,78
149610,154.12,559,11,Travis Scott,ESCAPE PLAN,75
211200,125.147,531,12,DJ Snake,U Are My High (with Future),72
115347,139.987,570,10,KANKAN,Wokeup,71
164705,102.101,524,12,Rauw Alejandro,Cúrame,80
83421,160.006,707,6,Bo Burnham,Look Who’s Inside Again,72
228000,104.988,601,9,Coldplay,My Universe,83
294419,95.466,769,4,Taylor Swift,Fifteen (Taylor’s Version),73
166023,136.0,755,4,keshi,beside you,77
213753,118.925,694,6,TALK,Run Away to Mars,75
225813,81.98,713,6,Brett Young,You Didn’t,69
209560,77.253,727,5,Olivia Rodrigo,hope ur ok,74
171384,115.016,548,11,Hensonn,Sahara,80
146419,142.034,692,6,"Tyler, The Creator",JUGGERNAUT (feat. Lil Uzi Vert & Pharrell Williams),71
174432,111.879,750,4,Los Gemelos De Sinaloa,Si Me Ven,72
240906,122.907,616,9,LeeHi,ONLY,78
148732,79.973,517,12,Halsey,Could Have Been Me,73
148808,141.957,664,7,Ken Carson,Rock N Roll,71
203384,180.104,713,6,Madison Beer,Reckless,82
224996,90.02,523,12,Rauw Alejandro,Desesperados,80
205714,139.94,608,9,late night drive home,Stress Relief,71
163000,184.414,553,11,Fuerza Regida,Los Mire Con Talento,73
229303,177.693,622,9,Drake,Get Along Better,71
191360,85.004,587,10,Old Dominion,No Hard Feelings,68
118750,131.727,545,11,Rx Papi,12 Stout Street,70
141343,124.966,793,3,PlayaPhonk,Phonky Town,78
158400,100.098,715,6,Sleepy Hallow,Low Key (Bonus),70
226146,126.009,860,1,Morgan Wallen,Neon Eyes,68
131500,160.931,636,8,Cochise,POCKET ROCKET,73
214692,163.924,839,1,Brent Faiyaz,"Gravity (feat. Tyler, The Creator)",70
157890,124.927,636,8,ACRAZE,Do It To It,83
189486,91.05,706,6,Maroon 5,Memories,79
137806,154.973,699,6,347aidan,MEMORIES!,75
224773,160.085,706,6,Cody Johnson,'Til You Can't,68
155883,94.018,755,4,Saweetie,Best Friend (feat. Doja Cat),71
170322,124.008,531,12,Polo G,Partin Ways,70
326813,137.554,804,3,Tory Lanez,And This is Just The Intro,71
148778,130.022,615,9,Chlöe,Have Mercy,72
231124,130.033,724,5,Taylor Swift,You Belong With Me (Taylor’s Version),74
152317,144.99,552,11,Gracie Abrams,Feels Like,73
146285,86.543,608,9,Sleepy Mood,Rainy Mood,75
155333,191.903,847,1,Nathan Evans,Wellerman - Sea Shanty,76
122000,120.001,735,5,BigXthaPlug,Mr.Trouble,67
185093,139.971,860,1,Morgan Wallen,Your Bartender,68
251293,110.917,790,3,Morgan Wade,Wilder Days,68
133021,98.962,734,5,J. Cole,i n t e r l u d e,71
209160,88.863,783,3,KAROL G,EL MAKINON,78
242720,109.984,552,11,Taylor Swift,Treacherous (Taylor's Version),72
207666,131.933,580,10,Ryan Hurd,Chasing After You,68
249613,137.94,601,9,Larry Fleet,Where I Find God,68
222926,99.855,741,5,Ashe,Till Forever Falls Apart,73
219000,129.978,770,4,El Alfa,La Mamá de la Mamá,72
131052,99.042,734,5,Lola Brooke,Don't Play With It (feat. Billy B),70
199604,127.962,524,12,Rauw Alejandro,Todo De Ti,78
376169,115.389,545,11,Adele,I Drink Wine,79
161803,79.982,720,5,Oliver Tree,Life Goes On,78
205205,158.053,797,3,Giveon,Stuck On You,73
235328,104.998,731,5,Grupo Marca Registrada,El Doctor,76
112500,103.791,713,6,Chri$tian Gate$,NUMB,71
123428,85.441,643,8,Young Slo-Be,I Love You,72
215686,78.996,646,8,NIKI,Every Summertime,79
84000,143.744,540,11,YOUNGX777,TOXIC,75
184634,130.02,706,6,Megan Thee Stallion,Thot Shit,70
152333,123.016,762,4,Young Stoner Life,Ski,69
109325,97.604,555,11,ASTN,Happier Than Ever,75
209454,109.977,616,9,Tems,Found (feat. Brent Faiyaz),70
153967,119.924,734,5,El Fantasma,Soy Buen Amigo,74
238677,112.136,736,5,Grupo Firme,En Tu Perra Vida,76
321555,110.427,777,4,Marc Seguí,Tiroteo - Remix,82
168648,147.818,727,5,Pooh Shiesty,"Switch it Up (feat. G Herbo, No More Heroes)",68
163240,150.033,531,12,Nardo Wick,Wicked Witch,67
237781,100.974,636,8,Ivan Cornejo,Estás en Mí Pasado,68
161612,124.026,707,6,Sarah Cothran,As the World Caves In,74
166506,102.008,650,8,Chris Young,Famous Friends,68
245896,129.642,657,7,Billie Eilish,Your Power,76
151704,167.827,660,7,The Kid LAROI,ALWAYS DO,71
161266,125.034,505,12,Alesso,When I’m Gone (with Katy Perry),79
174863,100.035,657,7,Luis R Conriquez,Me Metí En El Ruedo,74
297013,73.942,552,11,Taylor Swift,Better Man (Taylor's Version) (From The Vault),72
238866,78.915,552,11,Taylor Swift,Begin Again (Taylor's Version),72
175333,146.514,601,9,tana,Antisocial (feat. Slump6s),69
275999,94.711,707,6,Bo Burnham,Welcome to The Internet,72
168846,142.108,699,6,Atlus,OH NO!,67
238443,163.936,769,4,Taylor Swift,The Other Side Of The Door (Taylor’s Version),71
178888,107.977,566,10,Mad Tsai,killer queen,71
161840,190.066,545,11,Stephanie Beatriz,Waiting On A Miracle,70
189486,91.159,706,6,Maroon 5,Memories Remix (feat. Nipsey Hussle & YG),79
158463,142.021,657,7,Billie Eilish,I Didn't Change My Number,75
223333,79.846,552,11,Taylor Swift,Come Back...Be Here (Taylor's Version),72
249444,140.051,553,11,Bruno Mars,After Last Night (with Thundercat & Bootsy Collins),75
242441,171.976,822,2,Colby Acuff,If I Were the Devil,67
214706,81.112,861,1,Taylor Swift,willow,72
207840,112.009,545,11,KAYTRANADA,Intimidated (feat. H.E.R.),73
153406,139.928,552,11,Smiley,Over The Top (feat. Drake),71
144666,181.296,524,12,Sadie Jean,WYD Now?,73
255986,70.743,839,1,Celeste,Strange,74
213214,83.872,769,4,Sonder,Nobody But You,72
193146,172.014,552,11,Taylor Swift,We Are Never Ever Getting Back Together (Taylor's Version),73
202021,128.179,644,8,Grupo Firme,Se Fue La Pantera (En Vivo),77
233069,76.285,531,12,Brent Faiyaz,MERCEDES,69
174549,98.427,517,12,Roddy Ricch,late at night,71
261842,133.873,769,4,Taylor Swift,You’re Not Sorry (Taylor’s Version),71
79129,160.12,719,5,Luci4,BodyPartz,71
195776,85.016,657,7,Billie Eilish,NDA,76
176906,110.026,549,11,Lil Peep,right here,72
132793,94.486,727,5,42 Dugg,Bestfriends,67
295413,129.958,552,11,Taylor Swift,State Of Grace (Taylor's Version),72
196253,169.885,643,8,Dan + Shay,You,69
194693,140.032,727,5,Dayglow,Close To You,71
165970,140.952,643,8,$uicideboy$,The Number You Have Dialed Is Not in Service,68
189306,155.928,552,11,Jason Aldean,That's What Tequila Does,67
224240,167.844,552,11,Taylor Swift,Babe (Taylor's Version) (From The Vault),73
72976,100.997,636,8,Sturgill Simpson,Sam,67
207973,131.912,825,2,Ryan Hurd,Chasing After You (with Maren Morris),68
239120,127.035,860,1,Morgan Wallen,Livin’ The Dream,67
182226,90.966,860,1,Morgan Wallen,Wonderin’ Bout The Wind,67
208292,123.097,715,6,Sleepy Hallow,1999,69
228461,92.131,622,9,Drake,Love All (with JAY-Z),71
299080,94.05,552,11,Taylor Swift,The Last Time (feat. Gary Lightbody of Snow Patrol) (Taylor’s Version),72
173381,77.029,568,10,Imagine Dragons,Enemy - From the series Arcane League of Legends,78
229840,145.916,861,1,Taylor Swift,‘tis the damn season,71
160766,123.849,699,6,Becky Hill,Remember,79
210906,82.582,580,10,Young Thug,Livin It Up (with Post Malone & A$AP Rocky),72
254254,115.99,769,4,Taylor Swift,Hey Stephen (Taylor’s Version),71
214106,148.068,601,9,Sleep Token,Alkaline,70
149563,155.885,514,12,Montana99,I Can't,69
130979,137.131,692,6,"Tyler, The Creator",LEMONHEAD (feat. 42 Dugg),69
215303,135.997,524,12,A Boogie Wit da Hoodie,Man in the Mirror,70
163311,126.877,559,11,Russell Dickerson,She Likes It (feat. Jake Scott),67
172832,118.992,643,8,Lizzo,Rumors (feat. Cardi B),70
60333,119.901,580,10,Zeph,could you love me while i hate myself,77
198053,120.044,552,11,TWICE,The Feels,76
114624,111.014,629,8,KSLV Noh,Override,68
251236,140.044,783,3,NF,JUST LIKE YOU,71
198515,119.799,741,5,Ashe,Moral of the Story (feat. Niall Horan) - Bonus Track,75
224680,71.123,692,6,Faye Webster,In A Good Way,68
158095,126.002,706,6,Shouse,Love Tonight (David Guetta Remix Edit),80
209946,139.009,510,12,V,Christmas Tree,81
180930,82.103,755,4,Moneybagg Yo,Wockesha,67
164000,63.73,692,6,Drip-Drop,Cozy Thunder And Rain - Seamless,70
172106,72.999,752,4,ENHYPEN,FEVER,78
284773,130.059,552,11,Taylor Swift,Sad Beautiful Tragic (Taylor's Version),71
341255,139.061,762,4,Greta Van Fleet,Heat Above,69
254640,151.923,861,1,Taylor Swift,it’s time to go - bonus track,71
163505,115.759,701,6,Three Peels,White Noise Waterfall,74
153147,82.363,660,7,The Kid LAROI,TRAGIC (feat. Youngboy Never Broke Again & Internet Money),69
102007,169.481,797,3,Laura Les,Haunted,70
151579,80.904,612,9,Rainded,Dreamy Rain,73
204093,77.213,636,8,Clinton Kane,I GUESS I'M IN LOVE,76
245440,74.952,861,1,Taylor Swift,tolerate it,70
254181,115.0,554,11,Luke Combs,Doin' This,68
179186,180.316,727,5,Jordan Davis,Almost Maybes,67
157440,85.004,860,1,Morgan Wallen,More Surprised Than Me,66
158050,120.027,657,7,Isaiah Rashad,RIP Young,68
184767,88.009,559,11,Dijon,The Dress,70
183266,172.156,633,8,Stray Kids,Thunderous,76
226198,105.006,580,10,Coldplay,My Universe,83
178623,140.177,622,9,Drake,Papi’s Home,70
178453,119.978,533,12,IVE,ELEVEN,79
208000,106.743,671,7,Zinan,Voltage Dreams,71
183725,124.111,728,5,Galantis,Heartbreak Anthem (with David Guetta & Little Mix),78
254466,167.964,629,8,Big Red Machine,Renegade,71
146481,97.672,692,6,"Tyler, The Creator",CORSO,69
273577,91.0,622,9,Drake,N 2 Deep,69
148693,77.498,651,8,Yeat,Fukit,68
199946,133.989,839,1,Morgan Wallen,This Side Of A Dust Cloud,66
146938,135.684,527,12,Riovaz,I Feel Fantastic,69
144545,147.125,594,10,Polo Gonzalez,Tan Solo Morro,73
200689,150.058,615,9,LISA,LALISA,75
515865,78.958,692,6,"Tyler, The Creator",WILSHIRE,68
198620,87.006,601,9,Joyner Lucas,Your Heart,68
125818,116.794,818,2,El Fantasma,El Bélico,73
257428,133.997,713,6,Lil Baby,Hats Off (feat. Travis Scott),69
159452,146.084,635,8,Trippie Redd,Demon Time (feat. Ski Mask The Slump God),67
240466,117.889,552,11,Taylor Swift,The Lucky One (Taylor's Version),70
209493,146.99,692,6,JP Saxe,If the World Was Ending (feat. Julia Michaels),74
188604,112.753,706,6,La Santa Grifa,Amnesia,76
177445,113.467,797,3,Giveon,Still Your Best,70
106250,80.955,597,9,Monsooners,It's Heading Our Way,71
155259,134.927,636,8,Rod Wave,What's Wrong,66
193928,179.708,748,4,girl in red,midnight love,73
169153,122.98,853,1,Riton,Friday (feat. Mufasa & Hypeman) - Dopamine Re-Edit,81
135346,138.088,601,9,Alina Baraz,If You Let Me,71
171200,95.002,708,6,Kelsea Ballerini,I Quit Drinking,73
223520,80.121,756,4,Egzod,Royalty,80
144374,183.144,740,5,Lovejoy,One Day,71
217213,91.246,783,3,KAROL G,200 COPAS,77
243760,128.108,783,3,NF,CLOUDS,70
168020,179.629,566,10,BoyWithUke,Toxic,76
168259,116.988,629,8,OneRepublic,Run,77
137875,178.818,778,3,Lil Nas X,MONTERO (Call Me By Your Name),77
124000,92.092,594,10,Adio,Lotus Rain,71
62419,124.286,715,6,KA$HDAMI,Reparations!,67
203506,143.975,783,3,KAROL G,EL BARCO,76
168000,165.037,636,8,Neoni,DARKSIDE,76
214613,93.788,545,11,Sebastian Yatra,Dos Oruguitas,70
190458,137.905,783,3,Rod Wave,Richer (feat. Polo G),67
195962,119.987,629,8,Nelly,Lil Bit (feat. Florida Georgia Line),68
162794,135.936,636,8,Lyn Lapid,In My Mind,71
266291,89.812,734,5,J. Cole,l e t . g o . m y . h a n d (with Bas & 6LACK),69
176706,90.123,846,1,Cochren & Co.,Church (Take Me Back),68
203133,73.801,587,10,Matt Maltese,Everyone Adores You (at least I do),71
140500,119.986,644,8,Tiësto,Don't Be Shy,80
230960,103.984,552,11,Taylor Swift,22 (Taylor's Version),71
99126,73.016,525,12,che,agenda,67
198057,147.0,587,10,Don Toliver,Drugs N Hella Melodies (feat. Kali Uchis),70
69799,149.944,511,12,Cl4pers,Want Me,69
212026,159.985,769,4,SpotemGottem,Beat Box 4 (with NLE Choppa),67
195680,148.005,706,6,Migos,Need It (feat. YoungBoy Never Broke Again),68
203122,112.027,553,11,Bruno Mars,Skate,72
243462,144.911,783,3,Kevin Gates,Big Gangsta,66
252378,150.026,622,9,Drake,IMY2 (with Kid Cudi),68
212307,129.917,713,6,Memo Boy,Insomniac,70
64197,109.797,856,1,Sodikken,Misery Meat,69
174837,175.954,755,4,Justin Moore,We Didn't Have Much,66
261855,167.032,636,8,Ivan Cornejo,Llamadas Perdidas,66
161052,151.951,629,8,Meek Mill,Sharing Locations (feat. Lil Baby & Lil Durk),68
198107,159.83,580,10,Mac Miller,Diablo,68
205146,164.154,804,3,Sanctus Real,My God Is Still The Same,68
192417,100.053,622,9,Drake,Fountains (with Tems),73
196146,156.822,720,5,Juice WRLD,734,69
240000,109.975,559,11,Travis Scott,MAFIA,72
145115,109.914,727,5,22december,chinatown!,70
184104,123.988,636,8,Shawn Mendes,Summer of Love (Shawn Mendes & Tainy),79
174272,99.042,552,11,Grupo Los de la O,El Fat Tony,73
229601,81.026,678,7,BIA,WHOLE LOTTA MONEY (feat. Nicki Minaj) - Remix,68
139672,122.062,622,9,Jason Derulo,Acapulco,80
88624,127.596,692,6,"Tyler, The Creator",SIR BAUDELAIRE (feat. DJ Drama),68
138311,117.952,630,8,Shady Moon,Cherry Blossoms,70
273474,153.979,679,7,Mora,Volando - Remix,80
165506,134.01,826,2,Dua Lipa,We're Good,75
170813,140.002,790,3,Justin Bieber,Hold On,76
209438,98.029,671,7,Tones And I,Dance Monkey,77
244221,159.679,657,7,Billie Eilish,Getting Older,73
214857,104.912,524,12,Rauw Alejandro,La Old Skul,74
185346,73.854,811,2,Lauren Daigle,Hold On To Me,67
202960,156.894,552,11,Taylor Swift,Holy Ground (Taylor's Version),70
233386,106.064,762,4,Regard,You,74
177582,115.935,650,8,Nessa Barrett,i hope ur miserable until ur dead,69
192804,140.005,805,3,Lil Baby,Real As It Gets (feat. EST Gee),67
219000,61.903,749,4,DannyLux,Tristeza Y Traicion,68
296568,143.07,622,9,Drake,In The Bible (with Lil Durk & Giveon),70
188254,150.017,587,10,Bailey Zimmerman,Change,66
201180,177.998,679,7,Maluma,Sobrio,80
116635,107.077,604,9,Ryan Castro,Malory,78
177373,99.008,692,6,Doja Cat,Been Like This,70
170535,139.976,524,12,Rauw Alejandro,Desenfocao',73
152000,90.002,657,7,Chase Matthew,Pull Up,66
383036,94.966,804,3,Drake,Lemon Pepper Freestyle (feat. Rick Ross),70
156200,94.974,727,5,Jordan Davis,Drink Had Me,66
189000,79.975,825,2,Pink Sweat$,Honesty,70
224747,109.965,713,6,BoyWithUke,Two Moons,72
189462,69.827,566,10,Snoh Aalegra,DO 4 LOVE,69
184893,170.863,528,12,Aimer,残響散歌,79
187352,109.736,722,5,Junior H,Disfruto Lo Malo,72
190037,125.132,762,4,Big Scarr,"SoIcyBoyz 2 (feat. Pooh Shiesty, Foogiano & Tay Keith)",65
128026,98.01,580,10,Lambo4oe,Self Esteem - #1 HIT - Kisses for Me,72
193208,120.0,657,7,Isaiah Rashad,Headshots (4r Da Locals),68
200071,144.177,615,9,Yeat,Trëndy way (feat. SeptembersRich),69
199680,145.976,657,7,Parker McCollum,To Be Loved By You,65
76721,139.012,699,6,BONES,GoHardHuh,68
209906,124.933,832,2,Banda Sinaloense MS de Sergio Lizárraga,Mi Razón De Ser,66
172018,119.86,573,10,Conjunto Rienda Real,Nadie Va A Pensar En Ti Mejor Que Yo,70
162603,123.97,643,8,Joel Corry,OUT OUT (feat. Charli XCX & Saweetie),80
133706,106.032,663,7,bbno$,edamame (feat. Rich Brian),74
186906,88.007,726,5,Chayce Beckham,23 - Steel Mix,67
202203,104.973,717,5,TOMORROW X TOGETHER,0X1=LOVESONG (I Know I Love You) feat. Seori,75
185320,112.05,861,1,Taylor Swift,gold rush,70
191250,88.084,692,6,MAX,Butterflies,74
176760,78.461,622,9,Jenevieve,Baby Powder,69
204521,115.058,840,1,Goth Babe,Canary Islands,66
190779,115.885,790,3,Justin Bieber,Anyone,74
98544,125.605,710,6,PinkPantheress,Pain,69
186186,137.975,860,1,Morgan Wallen,Country A$$ Shit,65
144906,135.042,685,7,Lil Peep,castles,69
244586,145.88,552,11,Taylor Swift,I Almost Do (Taylor's Version),70
224546,83.926,860,1,Morgan Wallen,Quittin’ Time,65
153190,153.947,790,3,Justin Bieber,Ghost,76
122264,171.954,629,8,LDNE,Mas Que Amigos,68
216393,122.009,507,12,Tornillo,Un Dia Todo Se Termina,70
222367,139.991,776,4,Lil Tjay,Love Hurts (feat. Toosii),69
109551,99.969,790,3,Peso Pluma,Y Qué?,71
159082,119.987,692,6,DaBaby,Red Light Green Light,68
138814,75.998,615,9,Yeat,Ya Ya,68
115401,138.023,727,5,vaultboy,everything sucks,75
146000,75.2,804,3,Tory Lanez,Y.D.L.R.,69
209476,110.095,665,7,Normani,Wild Side (feat. Cardi B),71
206733,140.061,804,3,Juice WRLD,Life's A Mess II (with Clever & Post Malone),70
173539,94.016,657,7,Billie Eilish,Therefore I Am,73
214253,114.942,784,3,IU,LILAC,73
194293,170.015,713,6,Brett Young,Lady,66
99748,153.979,864,1,Kaito Shoma,Scary Garry,74
153065,131.109,655,8,Distantic,Watch The Storm,69
201705,127.569,619,9,Sam Barber,Run Away High,66
205786,100.02,552,11,Taylor Swift,Stay Stay Stay (Taylor's Version),70
169412,89.164,728,5,Flows of Sleep,Farifax Rain,71
135430,78.035,846,1,YBN Nahmir,Opp Stoppa (feat. 21 Savage),67
169975,88.942,841,1,Logan Mize,Grew Apart,67
194050,157.975,542,11,Rod Wave,By Your Side,65
184634,130.012,566,10,Megan Thee Stallion,Thot Shit,68
207009,121.974,581,10,Lovejoy,Perfume,70
188893,77.014,692,6,Doja Cat,I Don't Do Drugs (feat. Ariana Grande),71
225000,103.056,853,1,DannyLux,El Dueño De Tu Amor,68
168727,82.532,629,8,Lil Tecca,NEVER LEFT,68
156467,90.674,790,3,Justin Bieber,Off My Face,78
141333,193.434,524,12,Tory Lanez,‘87 Stingray,69
157444,125.051,566,10,Öwnboss,Move Your Body,81
186718,145.947,685,7,Flatland Cavalry,Gettin' By,64
154432,139.769,616,9,DaBaby,Lonely (with Lil Wayne),66
232813,170.084,545,11,Emmy Meli,I AM WOMAN,73
153253,129.961,825,2,Florida Georgia Line,Long Live,66
200221,163.085,748,4,DJ Khaled,POPSTAR (feat. Drake),71
171574,78.797,818,2,Zach Bryan,Hell or Highwater - Live,65
68000,89.984,832,2,Luna Li,2516,68
164690,130.015,693,6,beabadoobee,Cologne,68
157675,162.928,653,8,Jack Harlow,SUVs (Black on Black),68
195013,80.07,580,10,Miranda Lambert,If I Was a Cowboy,65
160000,119.989,778,3,Hotel Ugly,Piggypink,68
143480,149.012,594,10,Key Glock,Ambition For Cash,71
261334,172.031,693,6,Nio Garcia,AM Remix,75
198529,102.01,601,9,Christian Nodal,La Sinvergüenza,76
139651,82.516,645,8,Ezekiel,help_urself,72
133746,158.127,615,9,Yeat,Rokstar,67
199093,150.915,727,5,42 Dugg,Maybach (feat. Future),65
155153,102.853,615,9,Baby Keem,booman,66
257773,96.103,861,1,Taylor Swift,marjorie,69
182694,81.642,813,2,Nivel Codiciado,Una Linda Mujer,66
122772,102.931,734,5,Bella Poarch,Build a Bitch,75
166911,104.083,713,6,Lil Baby,How It Feels,66
165107,75.511,559,11,sharkboy,Yam,68
210560,147.931,608,9,Jameson Rodgers,Cold Beer Calling My Name,66
299562,86.973,741,5,Kholby Wardell,Noel's Lament,70
465744,129.988,839,1,Maverick City Music,"I Thank God (feat. Dante Bowe, Maryanne Joshua George & Aaron Moses)",66
78458,125.025,663,7,Bleed The Wicked Menace,Satanic Panic,67
178156,124.988,671,7,Tones And I,Fly Away,73
164360,110.03,818,2,Gerardo Ortiz,Tranquilito,74
154420,110.092,741,5,Carin Leon,Secuelas De Amor,73
240226,125.039,552,11,Taylor Swift,Run (feat. Ed Sheeran) (Taylor’s Version) (From The Vault),71
213718,100.089,636,8,Kane Brown,One Mississippi,66
598994,139.912,748,4,Elevation Worship,Jireh (feat. Chandler Moore & Naomi Raine),68
107253,163.117,517,12,Boldy James,Great Adventures,68
154992,106.226,608,9,Erick B,Te Vas A Recordar,65
180786,185.764,860,1,Morgan Wallen,Whiskey’d My Way,65
189333,178.017,552,11,Ryan Castro,Monastery,79
193821,79.867,601,9,Giveon,For Tonight,70
189906,127.974,633,8,Stray Kids,"Red Lights (Bang Chan, Hyunjin)",74
339506,74.861,734,5,Nicki Minaj,Seeing Green (with Drake & Lil Wayne),67
199919,124.997,639,8,TOMORROW X TOGETHER,LO$ER=LO♡ER,74
138928,83.965,664,7,mike.,life got crazy,67
189495,90.201,769,4,Taylor Swift,That’s When (feat. Keith Urban) (Taylor’s Version) (From The Vault),69
249444,140.051,552,11,Bruno Mars,After Last Night (with Thundercat & Bootsy Collins),74
174586,77.971,832,2,Jeremy Zucker,this is how you fall in love,75
153000,105.292,832,2,Gigi Perez,Sometimes (Backwood),70
166016,103.452,790,3,Peso Pluma,No Está Facil,69
123986,161.011,764,4,Sleepy Hallow,2055,69
136150,119.847,818,2,MadeinTYO,HUNNIDDOLLA,67
133000,187.025,740,5,Lovejoy,Taunt,69
164895,117.496,708,6,Bizarrap,"Eladio Carrion: Bzrp Music Sessions, Vol. 40",79
201920,100.946,783,3,KAROL G,Tusa,75
196946,71.724,734,5,J. Cole,9 5 . s o u t h,67
130506,142.902,692,6,Ski Mask The Slump God,The Matrix,66
281106,100.037,629,8,Alta Elegancia,Amor,66
225664,160.517,535,11,Nardo Wick,Me or Sum (feat. Future & Lil Baby),65
225000,92.226,573,10,Fuerza Regida,Descansando,70
269883,174.072,622,9,Drake,Race My Mind,68
68547,137.99,787,3,KANKAN,Goin' To Hell,67
165524,123.854,566,10,MEDUZA,Tell It To My Heart,76
109116,176.06,706,6,99zed,Two Twelve Subwoofer,67
167375,106.012,594,10,Justin Moore,With A Woman You Love,64
178318,73.774,823,2,Rio Romeo,Butch 4 Butch,67
58149,115.044,707,6,Bo Burnham,Bezos I,73
93176,169.685,660,7,The Kid LAROI,SAME ENERGY,68
181198,127.925,559,11,NLE Choppa,Jumpin (feat. Polo G),66
208608,101.934,769,4,Taylor Swift,Don’t You (Taylor’s Version) (From The Vault),69
225034,100.083,790,3,Peso Pluma,Con Dinero Baila el Perro,69
201280,92.0,608,9,Jelly Roll,Dead Man Walking,64
110133,159.402,765,4,Rebzyyx,I'm so crazy for youuu </3,69
181714,139.667,552,11,FL Dusa,Dear God (feat. Kevin Gates),64
212496,74.966,657,7,Billie Eilish,Lost Cause,72
187888,121.005,629,8,OneRepublic,Someday,75
116523,95.128,587,10,Sleepy Hallow,Down Hearted,67
237580,160.111,769,4,Taylor Swift,Jump Then Fall (Taylor’s Version),69
210384,97.985,545,11,Adele,Can I Get It,74
190779,115.884,867,1,Justin Bieber,Anyone,74
187585,124.925,664,7,BTS,Permission to Dance,78
143052,89.605,805,3,Little Circuits,Beautiful Imagination,69
142707,126.033,643,8,$uicideboy$,"If Self-Destruction Was an Olympic Event, I’d Be Tonya Harding",66
188160,86.011,601,9,Jenna Raine,see you later (ten years),70
193636,87.961,832,2,Mora,512,78
215626,79.015,861,1,Taylor Swift,"no body, no crime (feat. HAIM)",69
146000,64.26,566,10,Lloyd Vaan,Present,68
171780,145.973,832,2,Pooh Shiesty,Neighbors (feat. BIG30),64
244429,75.999,839,1,Treaty Oak Revival,No Vacancy,64
146839,97.483,594,10,Justin Morales,Desde Morro,69
171280,132.992,741,5,Gracie Abrams,Mess It Up,71
205714,112.084,524,12,Rauw Alejandro,2/Catorce,73
124267,97.806,580,10,Nivel Codiciado,Está Noche,65
116129,124.003,718,5,GRAVECHILL,Twilight,77
205760,80.092,846,1,Cochren & Co.,One Day,67
190509,168.146,706,6,Polo G,Black Hearted,67
337152,144.116,839,1,Maverick City Music,Rest on Us (feat. Brandon Lake & Eniola Abioye),65
188025,78.512,635,8,Trippie Redd,Matt Hardy 999 (feat. Juice WRLD),66
188500,120.175,580,10,Remi Wolf,Sexy Villain,65
186209,128.04,811,2,Majestic,Rasputin,80
124513,143.917,597,9,Kay Flock,Is Ya Ready,68
194544,79.018,654,8,Ingrid Andress,Wishful Drinking (with Sam Hunt),65
161253,140.22,615,9,Yeat,Twizzy Rich,67
161384,92.56,748,4,The Kid LAROI,WITHOUT YOU (with Miley Cyrus),74
220413,126.014,552,11,Taylor Swift,Starlight (Taylor's Version),68
222800,78.262,533,12,Shawn Mendes,It'll Be Okay,77
80445,174.809,727,5,JELEEL!,DIVE IN! - SPED UP!,71
200049,168.084,783,3,NF,DRIFTING,68
220779,72.498,616,9,Troye Sivan,Angel Baby,78
213855,111.933,573,10,Joe P,Off My Mind,65
208291,179.879,524,12,Rauw Alejandro,Sexo Virtual,75
216000,119.82,660,7,The Kid LAROI,NOT SOBER (feat. Polo G & Stunna Gambino),68
174533,77.051,531,12,Nardo Wick,Baby Wyd? (feat. Lakeyah),64
91004,137.841,627,8,Rick Flemm,"Twinkle, Twinkle, Little Star",71
258838,130.025,862,1,YOASOBI,夜に駆ける,77
183434,81.47,636,8,Ivan Cornejo,Esa Carita,65
121756,141.951,615,9,Yeat,Got rich,67
135000,79.978,678,7,Connor Price,You Said,68
186552,177.913,608,9,Noah Kahan,Someone Like You (feat. Joy Oladokun),68
241822,158.162,769,4,Taylor Swift,Today Was A Fairytale (Taylor’s Version),68
145634,166.061,804,3,EKKSTACY,i walk this earth all by myself,70
316733,121.972,615,9,Baby Keem,range brothers (with Kendrick Lamar),66
228000,72.496,573,10,Koby Laver,Going Back,70
168085,188.7,797,3,ROSÉ,On The Ground,73
271176,201.025,790,3,Lana Del Rey,Chemtrails Over The Country Club,73
175044,96.966,727,5,Twenty One Pilots,Shy Away,72
217360,102.014,615,9,J Balvin,Qué Más Pues?,77
206437,125.013,517,12,Taron Egerton,A Sky Full of Stars,70
224042,134.997,735,5,Internet Money,"His & Hers (feat. Don Toliver, Lil Uzi Vert & Gunna)",69
125256,122.052,631,8,mazie,dumb dumb,72
178680,139.981,587,10,Old Dominion,I Was On a Boat That Day,65
263377,148.035,769,4,Taylor Swift,Breathe (feat. Colbie Caillat) (Taylor’s Version),69
199232,87.533,587,10,Del Water Gap,Ode to a Conversation Stuck in Your Throat,67
168000,160.0,531,12,Polo G,Unapologetic (with NLE Choppa),66
194886,110.927,657,7,Billie Eilish,Male Fantasy,71
164347,123.899,657,7,Danielle Bradbery,Stop Draggin' Your Boots,66
263533,116.012,552,11,Taylor Swift,Forever Winter (Taylor's Version) (From The Vault),68
172954,154.974,594,10,Polo Gonzalez,Sencillo Soy,69
143921,106.984,608,9,ZillaKami,Space Cowboy,65
138312,170.691,692,6,"Tyler, The Creator",LUMBERJACK,67
176160,77.031,860,1,Cico P,Tampa,64
194760,164.173,587,10,Cody Johnson,Stronger,63
207163,79.936,797,3,ROSÉ,Gone,72
231265,141.881,811,2,Ian Munsick,Long Haul,63
225502,115.047,559,11,Summer Walker,Ex For A Reason (with JT from City Girls),70
154000,140.013,615,9,Wale the Sage,Bleue,67
171026,82.966,727,5,Blake Shelton,Happy Anywhere (feat. Gwen Stefani),66
226346,179.991,853,1,Grupo Ensamble,Tus Jefes No Me Quieren,72
150475,141.908,573,10,Lil Tjay,Not In The Mood (feat. Fivio Foreign & Kay Flock),68
260440,88.856,861,1,Taylor Swift,ivy,68
175238,125.994,755,4,StarBoi3,Dick (feat. Doja Cat),70
156774,124.033,603,9,Baby Keem,hooligan,67
208000,128.04,636,8,Drivotra,The Sky's Awake,69
275040,127.967,861,1,Taylor Swift,cowboy like me,68
166240,151.988,748,4,girl in red,.,71
159836,121.849,601,9,GAYLE,abcdefu (angrier),71
117446,94.032,601,9,Russ,Seduce (Feat. Capella Grey & Tamae),68
203040,80.999,615,9,Mitchell Tenpenny,Truth About You,65
177272,175.929,706,6,Polo G,Epidemic,67
120110,87.996,716,6,Moneybagg Yo,Rookie Of The Year,64
200575,100.023,769,4,Taylor Swift,Tell Me Why (Taylor’s Version),68
116213,133.043,580,10,PinkPantheress,Just for Me,68
179617,166.032,608,9,KillBunk,Pop Out,66
144760,103.96,643,8,Dan + Shay,Glad You Exist,67
263253,105.059,622,9,Jhayco,Ley Seca,76
133706,106.035,587,10,bbno$,edamame (feat. Rich Brian),71
190671,117.273,644,8,Grupo Firme,Hablando Claro (En Vivo),72
108169,141.826,559,11,Ice Spice,No Clarity,67
165772,84.983,573,10,Moneybagg Yo,Scorpio,64
172400,136.001,713,6,Lil Baby,Man of my Word,67
213103,123.823,622,9,Drake,You Only Live Twice (with Lil Wayne & Rick Ross),66
224938,75.001,594,10,The Neighbourhood,Fallen Star,71
192000,84.977,713,6,Hotel Ugly,The Ballad of Eddie Jabuley,67
155500,90.058,582,10,Jordana,Better in the Dark,66
168030,90.021,751,4,WILLOW,t r a n s p a r e n t s o u l feat. Travis Barker,67
209732,111.936,692,6,Surfaces,Come With Me,71
161052,151.951,594,10,Meek Mill,Sharing Locations (feat. Lil Baby & Lil Durk),66
224421,164.072,643,8,Caskets,Glass Heart,69
246124,146.104,740,5,Lovejoy,Sex Sells,68
245290,125.0,769,4,Taylor Swift,The Best Day (Taylor’s Version),68
167693,89.991,643,8,Dan + Shay,"10,000 Hours (with Justin Bieber)",72
142716,141.979,704,6,Summrs,just cant,65
158363,110.004,685,7,Chance Peña,War,70
260519,95.864,573,10,Majid Jordan,Stars Align (with Drake),68
169010,117.003,743,5,OneRepublic,Run,75
212213,122.119,825,2,Eslabon Armado,Lamento Boliviano,66
83947,113.412,705,6,framed,uhh,69
207853,141.02,612,9,Ed Sheeran,Shivers,73
204000,149.377,545,11,Ashley Kutcher,Love You From a Distance,69
257368,154.924,595,9,Skylar Grey,"Last One Standing (feat. Polo G, Mozzy & Eminem) - From Venom: Let There Be Carnage",71
178909,69.86,598,9,Calma Interiore,Montania,67
95483,93.29,776,4,Jasiah,Break Shit,65
148483,109.559,534,11,Streaming Waves,Beach Calmness,68
129000,120.058,839,1,Lostboycrow,Strawberry Sunscreen,66
128798,66.714,804,3,TileKid,you not the same,69
233880,102.743,608,9,Spiritbox,Circle With Me,67
96133,119.93,825,2,LUCKI,Greed (feat. Lil Yachty),64
306428,112.033,853,1,The Wombats,Greek Tragedy - Oliver Nelson TikTok Remix,68
102539,97.48,756,4,Dormir Dan,Sonido Dormido,68
162666,92.98,860,1,Morgan Wallen,Blame It On Me,64
147840,125.016,566,10,Stellar,Bad Dream,70
182426,148.992,748,4,girl in red,Serotonin,68
285280,125.952,552,11,Taylor Swift,The Moment I Knew (Taylor's Version),68
242096,148.088,552,11,Bruno Mars,Leave The Door Open,71
102922,139.808,615,9,Yeat,Cmon,66
174138,125.0,559,11,J. Worra,Check Out,71
255125,152.251,839,1,Treaty Oak Revival,Missed Call,62
236665,99.01,720,5,Eminem,Killer (feat. Jack Harlow & Cordae) - Remix,67
208000,85.104,601,9,cloudcity,Forgotten Skies,69
295038,79.513,524,12,Rauw Alejandro,Aquel Nap ZzZz,73
85463,102.552,566,10,Kxllswxtch,LIGHTS OUT,66
169440,79.805,559,11,Gabby Barrett,Pick Me Up,65
178693,163.922,783,3,KAROL G,BICHOTA,73
78426,120.022,707,6,Bo Burnham,Shit,67
275320,107.895,861,1,Taylor Swift,coney island (feat. The National),68
148715,77.685,715,6,Blueface,Outside (Better Days),66
256133,85.964,692,6,Phil Wickham,House Of The Lord,63
202506,64.273,692,6,Eslabon Armado,Tonto Perdedor,66
158536,125.723,672,7,Conan Gray,People Watching,69
208000,70.689,629,8,pluvia,rain in reykjavik,69
160119,115.056,685,7,jxdn,ANGELS & DEMONS,67
192896,89.981,713,6,Q,Take Me Where Your Heart Is,68
210573,97.097,706,6,TWICE,Alcohol-Free,72
212450,111.997,524,12,Tory Lanez,Pink Dolphin Sunset (feat. Tee),67
193805,91.993,553,11,Anitta,Envolver,77
168162,88.024,689,6,Andy Grammer,Lease On Life,67
144986,94.985,524,12,Feid,FRIKI,74
197781,110.062,526,12,Grupo Firme,Cada Quien,71
137746,88.972,797,3,Machine Gun Kelly,DAYWALKER! (feat. CORPSE),67
186458,77.834,692,6,Warren Zeiders,Ride the Lightning - 717 Tapes,66
180360,163.966,573,10,SEVENTEEN,Rock with you,75
169440,79.805,545,11,Gabby Barrett,Pick Me Up,64
154026,73.476,552,11,Avery Anna,Narcissist,65
204317,94.952,755,4,Ethel Cain,Crush,67
216062,91.691,755,4,Tono,Always Raining,69
123636,131.961,566,10,Megan Thee Stallion,Tuned In Freestyle,64
138268,79.968,580,10,PinkPantheress,Passion,67
149145,78.005,741,5,Cochise,Hatchback,67
211643,145.995,783,3,NF,PAID MY DUES,67
219802,80.882,587,10,Tech N9ne,Face Off,71
67220,119.94,663,7,Bleed The Wicked Menace,In The Dark,66
143769,88.502,671,7,DVRST,Close Eyes - Slowed + Reverb,75
186087,149.903,797,3,Selena Gomez,Baila Conmigo (with Rauw Alejandro),74
109609,125.939,516,12,DigBar,4 BIG GUYS,66
184062,95.973,539,11,Peso Pluma,Spiral,68
218000,126.747,543,11,Everywhere Brown Noise,Brown Noise Sleep,67
213943,97.431,720,5,Natanael Cano,Porte Exuberante,75
179999,123.879,611,9,Tems,Replay,68
99226,77.516,608,9,ZillaKami,Black Cats,65
206874,145.088,790,3,Peso Pluma,Les Cuesta,68
186833,180.11,658,7,Calibre 50,Cuidando El Territorio,73
156431,81.009,825,2,LPB Poody,Batman,64
158158,160.023,740,5,Mike Dimes,LABELS CALLIN',65
268717,101.699,629,8,Ruth B.,Dandelions - slowed + reverb,77
174682,98.54,713,6,Roddy Ricch,late at night,67
100500,139.978,727,5,JELEEL!,DIVE IN!,68
135000,160.05,533,12,CYPARISS,EMPTY DREAMS,73
180001,79.946,659,7,Soldier Kidd,Thug Paradise 2,65
168250,160.234,603,9,SeptembersRich,5 2 Üh 60 (feat. Yeat),65
140160,124.976,685,7,MC ORSEN,INCOMING,75
217408,101.992,729,5,Vance Joy,Missing Piece,69
152137,144.047,558,11,Jnr Choi,TO THE MOON,74
211990,111.007,836,2,Luke Combs,The Great Divide,65
215920,157.895,861,1,Taylor Swift,long story short,68
132733,134.064,531,12,LUCKI,WHERE I BE,63
191462,102.065,601,9,ITZY,LOCO,75
221978,95.604,780,3,Royal Rain,Rain On The Cobblestone,68
229564,115.852,692,6,"Tyler, The Creator",RUNITUP (feat. Teezo Touchdown),65
202245,126.027,573,10,Elton John,Hold Me Closer,63
225600,100.015,573,10,DJ Snake,"SG (with Ozuna, Megan Thee Stallion & LISA of BLACKPINK)",77
161733,119.991,636,8,Sierra Ferrell,In Dreams,64
172586,91.25,748,4,Thomas Rhett,Want It Again,64
132780,149.996,615,9,Masked Wolf,Astronaut In The Ocean,71
315146,122.079,861,1,Taylor Swift,happiness,68
312107,200.391,769,4,Taylor Swift,Untouchable (Taylor’s Version),68
357936,105.407,692,6,Bee Gees,More Than A Woman - SG's Paradise Edit,70
202234,85.023,590,10,Jason Joshua,La Vida Es Fría,62
226546,134.013,762,4,Holding Absence,Afterlife,67
236906,175.908,566,10,Ed Sheeran,Overpass Graffiti,76
285375,123.023,763,4,Fred again..,Marea (we’ve lost dancing),75
157845,146.061,590,10,YoungBoy Never Broke Again,No Where,63
203381,146.042,566,10,Elvie Shane,My Boy,64
238971,94.983,734,5,J. Cole,h u n g e r . o n . h i l l s i d e (with Bas),65
304106,125.177,861,1,Taylor Swift,evermore (feat. Bon Iver),68
174413,123.952,762,4,Young Stoner Life,Came and Saw (feat. Rowdy Rebel),65
139548,63.358,798,3,Savasana,Lorimor,67
165627,140.026,657,7,Manny Laurenko,Space Boy (feat. Lucki),63
136695,114.92,804,3,DESTIN CONRAD,IN THE AIR,66
264415,140.1,783,3,NF,TRUST,66
163027,79.466,651,8,Yeat,Tonka 2,65
195370,109.985,713,6,Japanese Breakfast,Be Sweet,65
139040,154.051,660,7,The Kid LAROI,FEEL SOMETHING (feat. Marshmello),66
176212,155.009,783,3,benny blanco,Graduation (with Juice WRLD),66
174521,70.012,722,5,Austin Farwell,New Home (Slowed),69
162758,87.13,748,4,Laufey,Like the Movies,68
244236,106.007,769,4,Taylor Swift,We Were Happy (Taylor’s Version) (From The Vault),67
209142,139.977,762,4,Quin Nfn,Laid Back,62
171864,134.051,630,8,Luke Combs,South On Ya,65
233453,90.02,568,10,Blessd,Medallo,77
198739,185.984,532,12,Eladio Carrion,Hola Como Vas,79
170078,127.083,532,12,Eladio Carrion,Me Gustas Natural,79
145120,94.994,517,12,Feid,FRIKI,72
171937,119.942,799,3,Goth Babe,I Wanna Help Your Mind,64
225000,192.057,713,6,Memo Boy,Brian is the Most Beautiful,67
189671,74.021,629,8,Lily Meola,Daydream,71
248372,172.26,517,12,Chief Keef,Yes Sir,64
136000,119.964,818,2,Stellar,El Dorado,68
177742,80.453,692,6,"Tyler, The Creator",SAFARI,65
213842,90.986,769,4,Surfaces,Wave of You,67
185133,140.042,860,1,Morgan Wallen,"Rednecks, Red Letters, Red Dirt",63
130774,83.987,718,5,Nature Recordings,Wake Up Rain,68
215188,142.977,717,5,TOMORROW X TOGETHER,Anti-Romantic,72
189851,79.002,524,12,YoungBoy Never Broke Again,Black Ball,63
286386,159.952,671,7,John Mayer,I Guess I Just Feel Like,70
137297,88.05,841,1,Papa Roach,Last Resort (Reloaded),66
192920,150.046,713,6,Lil Baby,2040,65
144018,115.046,624,9,Tokischa,Linda,73
204705,135.86,792,3,Lucky Daye,Good & Plenty - Remix,67
183428,93.039,714,6,Jax,Like My Father,71
146153,112.491,615,9,BoyWithUke,LoveSick,68
210005,104.89,657,7,Billie Eilish,my future,70
241194,126.001,580,10,Wilderado,Surefire,64
200940,147.019,825,2,PJ Harding,Dear August,68
214842,81.279,645,8,Ezekiel,going quietly,68
191695,148.298,619,9,STAYC,STEREOTYPE,70
194083,142.261,559,11,Kay Flock,"TCardi (feat. Dougie B, Lil Skrap 1090 & Justo B)",65
160000,101.216,741,5,Gabry Ponte,Thunder,81
144979,150.02,818,2,PlayaPhonk,Keraunos,73
159160,132.986,692,6,Doja Cat,Options (feat. JID),67
216666,144.04,846,1,DJ Scheme,Buck 50,64
126000,141.904,657,7,Hisohkah,School Rooftop (Intro) [Slowed Down Version],68
129000,70.243,580,10,Epiphonema,Raining Me Softly,68
123571,167.978,664,7,Slush Puppy,EAT SPIT! (feat. Royal & the Serpent),64
212926,95.018,542,11,VALORANT,Die For You,73
216872,96.756,617,9,Lil Maru,On The Block,62
169642,110.85,581,10,Lovejoy,"Oh Yeah, You Gonna Cry?",67
229746,85.036,860,1,Morgan Wallen,Outlaw (feat. Ben Burgess),63
188571,168.049,839,1,bbno$,help herself,67
254764,162.101,524,12,Tory Lanez,Ballad of a Badman,66
223718,157.181,692,6,"Tyler, The Creator",MASSA,65
153620,125.007,832,2,Hotel Ugly,Grandmother,66
163200,124.947,671,7,1nonly,DANCE!,67
129795,97.987,839,1,CORPSE,agoraphobic,65
195191,163.97,818,2,Nessa Barrett,la di die (feat. jxdn),68
175280,124.007,545,11,Carlos Vives,"Colombia, Mi Encanto",67
210232,124.951,657,7,Billie Eilish,Oxytocin,71
161018,82.902,783,3,Rod Wave,Gone Till November,62
267833,118.753,769,4,Taylor Swift,Forever & Always (Piano Version) (Taylor’s Version),67
227705,102.019,813,2,Drakeo the Ruler,Talk To Me,66
131968,162.071,706,6,Polo G,Toxic,64
168149,99.977,775,4,Mind’s Eye,wasted affairs,65
203036,161.989,678,7,Mitchell Tenpenny,Truth About You,64
255733,121.971,626,8,Hot Freaks,Puppy Princess,66
80483,88.606,834,2,Luci4,Dying in xxtyle 3,65
93799,160.963,666,7,EST Gee,Lick Back,63
123949,104.98,542,11,Claire Rosinkranz,don't miss me,67
150052,125.993,853,1,ATB,Your Love (9PM),79
118398,86.131,748,4,The Alchemist,Loose Change (feat. Earl Sweatshirt),65
152894,103.989,699,6,Griff,Walk,69
99877,137.368,595,9,Lucy Bennett,Brahms Lullaby,72
156250,107.494,601,9,dyl dion,pouring outside,66
148010,129.955,758,4,Wacotron,Gram And A Hoodie,64
193918,101.448,580,10,Edicion Especial,Déjenme Hacer Dinero,71
85577,142.772,715,6,KA$HDAMI,Look N The Mirror!,63
136253,115.563,608,9,Jelly Roll,Over You,62
208000,83.693,580,10,Pacific Rain,Distant Rain,68
225880,119.966,861,1,Taylor Swift,dorothea,67
195153,80.972,552,11,Money Man,LLC (feat. Moneybagg Yo),63
118750,137.666,584,10,Rain Inc,Heavy rain and thunder in Greece,68
242157,80.132,769,4,Taylor Swift,Bye Bye Baby (Taylor’s Version) (From The Vault),67
242400,99.811,627,8,Kanye West,Believe What I Say,67
172626,145.981,860,1,Morgan Wallen,Somethin’ Country,63
177000,172.676,608,9,Gaea Antoniou,Eudaimonia,69
249428,126.061,707,6,Bo Burnham,Goodbye,65
229656,139.016,783,3,NF,THAT'S A JOKE,66
182437,109.957,818,2,Ariana Grande,"34+35 Remix (feat. Doja Cat, Megan Thee Stallion) - Remix",67
238933,135.918,587,10,Cody Johnson,By Your Grace,62
226000,126.844,610,9,Thunder In Paradise,Eye Of The Storm,68
223560,111.076,692,6,Doja Cat,Naked,68
180705,170.059,783,3,Rod Wave,Changing,62
171357,74.35,587,10,Liquid Planet Recordings,Rain Meditation,68
214060,138.516,558,11,A Dreaming Machine,Lush Brown Noise,66
206000,120.057,615,9,Goth Babe,Casita,64
230964,106.002,596,9,Kali Uchis,fue mejor (feat. SZA),66
95317,171.69,713,6,PinkPantheress,Break It Off,66
197107,126.996,741,5,Carin Leon,Que Mas Puedo Pedir (Bonus Track),72
174360,96.86,664,7,Dylan Scott,New Truck,64
77401,83.342,570,10,Lucy Atkinsons,Hush Little Baby,69
258133,96.586,720,5,Phil Collins,"You'll Be In My Heart - From ""Tarzan""/Soundtrack Version",71
